{
  "image_path": "./data/ukiyo-e-small/Along the Shore of Y\u00e8noshim.jpg",
  "epochs": 150,
  "steps_per_epoch": 64,
  "final_loss": 1.2491512298583984,
  "final_alive_ratio": 0.0,
  "min_loss": 1.1830756664276123,
  "max_alive_ratio": 0.04833984375,
  "losses": [
    1.1914753913879395,
    1.190475583076477,
    1.1847881078720093,
    1.185747504234314,
    1.186752438545227,
    1.1879440546035767,
    1.1842340230941772,
    1.1855336427688599,
    1.1978340148925781,
    1.187965750694275,
    1.1907800436019897,
    1.1830756664276123,
    1.190865397453308,
    1.1912494897842407,
    1.1978670358657837,
    1.1939204931259155,
    1.200659990310669,
    1.1927388906478882,
    1.1912529468536377,
    1.197494626045227,
    1.2011362314224243,
    1.1970688104629517,
    1.1970984935760498,
    1.2032012939453125,
    1.1994463205337524,
    1.1953239440917969,
    1.194379210472107,
    1.1899662017822266,
    1.1912474632263184,
    1.1836388111114502,
    1.1895456314086914,
    1.1980125904083252,
    1.1948024034500122,
    1.2010058164596558,
    1.2008155584335327,
    1.200809121131897,
    1.2041891813278198,
    1.2029874324798584,
    1.1955209970474243,
    1.1987651586532593,
    1.2006679773330688,
    1.2056037187576294,
    1.206397533416748,
    1.2044039964675903,
    1.203360915184021,
    1.2174432277679443,
    1.1957694292068481,
    1.2073720693588257,
    1.2124789953231812,
    1.2086259126663208,
    1.2107267379760742,
    1.2055994272232056,
    1.2106082439422607,
    1.2123045921325684,
    1.2209538221359253,
    1.2172969579696655,
    1.2159018516540527,
    1.219533920288086,
    1.2186565399169922,
    1.2207635641098022,
    1.2258981466293335,
    1.2245721817016602,
    1.2274237871170044,
    1.2263809442520142,
    1.220479130744934,
    1.2290124893188477,
    1.2278105020523071,
    1.232405424118042,
    1.2304764986038208,
    1.2393381595611572,
    1.230777621269226,
    1.2268542051315308,
    1.2342755794525146,
    1.2332758903503418,
    1.2336910963058472,
    1.2322890758514404,
    1.2355493307113647,
    1.2326375246047974,
    1.22903311252594,
    1.2275279760360718,
    1.2252627611160278,
    1.218882441520691,
    1.2140909433364868,
    1.2147451639175415,
    1.2203913927078247,
    1.2155346870422363,
    1.2236114740371704,
    1.2174841165542603,
    1.2194968461990356,
    1.218088150024414,
    1.2232781648635864,
    1.2442251443862915,
    1.2461446523666382,
    1.2483137845993042,
    1.2480863332748413,
    1.2465112209320068,
    1.2472248077392578,
    1.2440181970596313,
    1.2439976930618286,
    1.2472739219665527,
    1.2436347007751465,
    1.2435327768325806,
    1.2472238540649414,
    1.2453373670578003,
    1.2447612285614014,
    1.2444106340408325,
    1.241794228553772,
    1.242462396621704,
    1.2430353164672852,
    1.2464269399642944,
    1.247775673866272,
    1.2494761943817139,
    1.2499964237213135,
    1.2498204708099365,
    1.24977445602417,
    1.2513052225112915,
    1.2511824369430542,
    1.2522053718566895,
    1.252234935760498,
    1.2528361082077026,
    1.2516191005706787,
    1.2529181241989136,
    1.2525177001953125,
    1.2527170181274414,
    1.2519128322601318,
    1.2524229288101196,
    1.2522727251052856,
    1.2526631355285645,
    1.252841591835022,
    1.252657175064087,
    1.2525187730789185,
    1.2524183988571167,
    1.252475619316101,
    1.2523425817489624,
    1.252142310142517,
    1.2521499395370483,
    1.2521828413009644,
    1.2521939277648926,
    1.2517069578170776,
    1.2518242597579956,
    1.2518935203552246,
    1.2517805099487305,
    1.2518179416656494,
    1.2522999048233032,
    1.2511554956436157,
    1.2517017126083374,
    1.2518680095672607,
    1.2516913414001465,
    1.2518830299377441,
    1.2517389059066772
  ],
  "alive_ratios": [
    0.04833984375,
    0.027099609375,
    0.025390625,
    0.012451171875,
    0.01171875,
    0.00830078125,
    0.008544921875,
    0.008056640625,
    0.008056640625,
    0.007080078125,
    0.00341796875,
    0.00634765625,
    0.003662109375,
    0.0068359375,
    0.00244140625,
    0.0068359375,
    0.00537109375,
    0.01025390625,
    0.004150390625,
    0.004150390625,
    0.0029296875,
    0.00244140625,
    0.00390625,
    0.002685546875,
    0.0068359375,
    0.00341796875,
    0.005615234375,
    0.007080078125,
    0.006591796875,
    0.00927734375,
    0.006103515625,
    0.008544921875,
    0.01220703125,
    0.01025390625,
    0.007568359375,
    0.005859375,
    0.0107421875,
    0.004150390625,
    0.002685546875,
    0.001708984375,
    0.002197265625,
    0.003662109375,
    0.003173828125,
    0.001708984375,
    0.002197265625,
    0.00341796875,
    0.001708984375,
    0.00390625,
    0.009521484375,
    0.00634765625,
    0.009765625,
    0.00439453125,
    0.008544921875,
    0.010498046875,
    0.00390625,
    0.003662109375,
    0.0029296875,
    0.001708984375,
    0.00146484375,
    0.0009765625,
    0.000244140625,
    0.000244140625,
    0.0,
    0.00146484375,
    0.000732421875,
    0.0,
    0.0,
    0.00048828125,
    0.0,
    0.000732421875,
    0.000244140625,
    0.0,
    0.0,
    0.0,
    0.00048828125,
    0.000244140625,
    0.00048828125,
    0.000244140625,
    0.0,
    0.000244140625,
    0.00146484375,
    0.00146484375,
    0.001220703125,
    0.002685546875,
    0.0009765625,
    0.0029296875,
    0.000732421875,
    0.0009765625,
    0.001953125,
    0.0,
    0.0,
    0.0,
    0.0,
    0.0,
    0.0,
    0.0,
    0.0,
    0.0,
    0.0,
    0.0,
    0.0,
    0.0,
    0.0,
    0.000244140625,
    0.0,
    0.0,
    0.0,
    0.0,
    0.0,
    0.0,
    0.000244140625,
    0.0,
    0.0,
    0.0,
    0.0,
    0.0,
    0.0,
    0.0,
    0.0,
    0.0,
    0.0,
    0.0,
    0.0,
    0.0,
    0.0,
    0.0,
    0.0,
    0.0,
    0.0,
    0.0,
    0.0,
    0.0,
    0.0,
    0.0,
    0.0,
    0.0,
    0.0,
    0.0,
    0.0,
    0.0,
    0.0,
    0.0,
    0.0,
    0.0,
    0.0,
    0.0,
    0.0,
    0.0,
    0.0,
    0.0
  ],
  "training_summary": {
    "converged": false,
    "stable_growth": true,
    "growth_achieved": false
  }
}