{
  "image_path": "./data/ukiyo-e-small/Along the Shore of Y\u00e8noshim.jpg",
  "epochs": 150,
  "steps_per_epoch": 64,
  "final_loss": 0.9607126116752625,
  "final_alive_ratio": 0.20703125,
  "min_loss": 0.7608271241188049,
  "max_alive_ratio": 0.775390625,
  "losses": [
    0.7955875396728516,
    0.7851753234863281,
    0.7944994568824768,
    0.800449550151825,
    0.8016431331634521,
    0.7888142466545105,
    0.7902787327766418,
    0.7841808795928955,
    0.781912088394165,
    0.7872501015663147,
    0.7918813824653625,
    0.7997515797615051,
    0.7808206677436829,
    0.789130687713623,
    0.7769156098365784,
    0.7608271241188049,
    0.7682607173919678,
    0.7710587978363037,
    0.7694255709648132,
    0.7718207836151123,
    0.7996523976325989,
    0.8115220069885254,
    0.8307175040245056,
    0.8443155288696289,
    0.8434221744537354,
    0.8690318465232849,
    0.870006263256073,
    0.8756644129753113,
    0.8907960057258606,
    0.8823025226593018,
    0.8746351599693298,
    0.8765075206756592,
    0.8912176489830017,
    0.9022443294525146,
    0.9013299345970154,
    0.8958115577697754,
    0.8921162486076355,
    0.9066364169120789,
    0.9029536247253418,
    0.8910803198814392,
    0.8783603310585022,
    0.8788245320320129,
    0.8660343289375305,
    0.862647533416748,
    0.8647942543029785,
    0.8694387078285217,
    0.8670668601989746,
    0.8746221661567688,
    0.8827688694000244,
    0.8895195126533508,
    0.8928304314613342,
    0.8962769508361816,
    0.9063600897789001,
    0.9108172059059143,
    0.9250712990760803,
    0.9214088320732117,
    0.9244499206542969,
    0.9188268780708313,
    0.9308581352233887,
    0.9369257092475891,
    0.9409367442131042,
    0.9460434317588806,
    0.9438715577125549,
    0.95061856508255,
    0.9480649828910828,
    0.9430597424507141,
    0.937046229839325,
    0.9347512722015381,
    0.9308608174324036,
    0.9495665431022644,
    0.9412457346916199,
    0.9388951659202576,
    0.9383254051208496,
    0.9421790242195129,
    0.965379536151886,
    0.95872563123703,
    0.9583034515380859,
    0.9531774520874023,
    0.9477389454841614,
    0.9581074714660645,
    0.950996458530426,
    0.9452924132347107,
    0.9418843388557434,
    0.944243848323822,
    0.9208404421806335,
    0.932142436504364,
    0.9491322040557861,
    0.9402180314064026,
    0.9469942450523376,
    0.9345194697380066,
    0.9399550557136536,
    0.9347879886627197,
    0.9623970985412598,
    0.9411218166351318,
    0.9562512040138245,
    0.9514684677124023,
    0.9698802828788757,
    0.9594174027442932,
    0.9696030616760254,
    0.984534740447998,
    0.9785568118095398,
    0.9986918568611145,
    0.9991932511329651,
    0.9994840621948242,
    1.017842411994934,
    1.0037381649017334,
    0.9970528483390808,
    1.00621497631073,
    1.0066248178482056,
    1.014020323753357,
    1.0079103708267212,
    1.0020920038223267,
    1.0112042427062988,
    1.0197457075119019,
    1.0135085582733154,
    1.0027939081192017,
    1.0004976987838745,
    0.9978127479553223,
    0.9965091347694397,
    0.9950283169746399,
    0.9729680418968201,
    0.9756572246551514,
    0.9663753509521484,
    0.9625219702720642,
    0.9627004265785217,
    0.9506377577781677,
    0.9425907731056213,
    0.9349650740623474,
    0.9326939582824707,
    0.945700466632843,
    0.9384849667549133,
    0.9484416842460632,
    0.9521220326423645,
    0.9423375129699707,
    0.9566502571105957,
    0.9344128966331482,
    0.9421780705451965,
    0.9424753189086914,
    0.9366917610168457,
    0.9500611424446106,
    0.952678382396698,
    0.9615468978881836,
    0.9433304667472839,
    0.9406550526618958,
    0.9478046894073486,
    0.9471001625061035,
    0.9539892673492432,
    0.9543949961662292,
    0.9641034007072449,
    0.9630563855171204
  ],
  "alive_ratios": [
    0.471923828125,
    0.490478515625,
    0.573486328125,
    0.618896484375,
    0.68798828125,
    0.723388671875,
    0.7294921875,
    0.7275390625,
    0.746826171875,
    0.71533203125,
    0.71875,
    0.71337890625,
    0.712158203125,
    0.691162109375,
    0.721435546875,
    0.7353515625,
    0.7470703125,
    0.698486328125,
    0.739013671875,
    0.756103515625,
    0.7080078125,
    0.71728515625,
    0.713623046875,
    0.687255859375,
    0.685302734375,
    0.710693359375,
    0.677001953125,
    0.705078125,
    0.695068359375,
    0.711181640625,
    0.716552734375,
    0.729248046875,
    0.7158203125,
    0.72900390625,
    0.74755859375,
    0.731689453125,
    0.755859375,
    0.7255859375,
    0.738525390625,
    0.73779296875,
    0.770263671875,
    0.769287109375,
    0.743408203125,
    0.76025390625,
    0.775390625,
    0.727294921875,
    0.713134765625,
    0.65966796875,
    0.63330078125,
    0.5771484375,
    0.5380859375,
    0.506591796875,
    0.446044921875,
    0.423583984375,
    0.3828125,
    0.36865234375,
    0.353759765625,
    0.342529296875,
    0.32666015625,
    0.32177734375,
    0.338134765625,
    0.32568359375,
    0.322998046875,
    0.3291015625,
    0.320068359375,
    0.326416015625,
    0.35546875,
    0.325927734375,
    0.333984375,
    0.33447265625,
    0.326416015625,
    0.3203125,
    0.32373046875,
    0.320068359375,
    0.287841796875,
    0.3154296875,
    0.309326171875,
    0.2939453125,
    0.310302734375,
    0.304931640625,
    0.30078125,
    0.318115234375,
    0.301025390625,
    0.294189453125,
    0.30615234375,
    0.315185546875,
    0.31201171875,
    0.308349609375,
    0.30859375,
    0.324462890625,
    0.3251953125,
    0.3193359375,
    0.310546875,
    0.33203125,
    0.307861328125,
    0.312744140625,
    0.290283203125,
    0.2880859375,
    0.27734375,
    0.28466796875,
    0.280517578125,
    0.291259765625,
    0.287109375,
    0.2861328125,
    0.28271484375,
    0.302978515625,
    0.310546875,
    0.310546875,
    0.2919921875,
    0.317138671875,
    0.30126953125,
    0.302978515625,
    0.295166015625,
    0.272216796875,
    0.279296875,
    0.28564453125,
    0.265380859375,
    0.267822265625,
    0.263427734375,
    0.271484375,
    0.265380859375,
    0.267333984375,
    0.273193359375,
    0.29052734375,
    0.283203125,
    0.280517578125,
    0.290283203125,
    0.298095703125,
    0.33203125,
    0.314208984375,
    0.302001953125,
    0.3203125,
    0.323486328125,
    0.308837890625,
    0.340087890625,
    0.3271484375,
    0.326171875,
    0.327392578125,
    0.319580078125,
    0.3193359375,
    0.31298828125,
    0.30810546875,
    0.30126953125,
    0.291259765625,
    0.2763671875,
    0.269775390625,
    0.239013671875,
    0.238037109375,
    0.22998046875,
    0.21728515625
  ],
  "training_summary": {
    "converged": 