{
  "image_path": "./data/ukiyo-e-small/Along the Shore of Y\u00e8noshim.jpg",
  "epochs": 150,
  "steps_per_epoch": 15,
  "final_loss": 0.41903236508369446,
  "final_alive_ratio": 0.1005859375,
  "min_loss": 0.34693455696105957,
  "max_alive_ratio": 0.93212890625,
  "final_training_alive": 0.08349609375,
  "losses": [
    1.0365105867385864,
    1.0210808515548706,
    1.0099310874938965,
    1.0178775787353516,
    1.0201870203018188,
    1.0078494548797607,
    1.0024265050888062,
    0.9981236457824707,
    0.9948394298553467,
    0.9790157675743103,
    0.9897840619087219,
    0.9949315190315247,
    0.9202163815498352,
    0.8239167332649231,
    0.7926233410835266,
    0.7777621746063232,
    0.7882316708564758,
    0.7946109771728516,
    0.8075993657112122,
    0.8173809051513672,
    0.8175464272499084,
    0.8353592753410339,
    0.8337014317512512,
    0.8413927555084229,
    0.8403792381286621,
    0.8325898051261902,
    0.8272982239723206,
    0.8294334411621094,
    0.8390328288078308,
    0.833740234375,
    0.8342227935791016,
    0.8370112776756287,
    0.835294783115387,
    0.8400330543518066,
    0.8363566398620605,
    0.8336990475654602,
    0.8411433100700378,
    0.8374853730201721,
    0.8383366465568542,
    0.8376595377922058,
    0.837623119354248,
    0.8374200463294983,
    0.8370150923728943,
    0.834601640701294,
    0.8368909955024719,
    0.8374736905097961,
    0.8342600464820862,
    0.8316424489021301,
    0.83783358335495,
    0.8467481732368469,
    0.8378996849060059,
    0.8396148085594177,
    0.8313534259796143,
    0.8360006809234619,
    0.833634614944458,
    0.8323453068733215,
    0.8337441086769104,
    0.8295727372169495,
    0.8378899693489075,
    0.8344494700431824,
    0.8265824913978577,
    0.8255033493041992,
    0.8247892260551453,
    0.825188159942627,
    0.8166511654853821,
    0.8065528273582458,
    0.7969427108764648,
    0.7950569987297058,
    0.7947160601615906,
    0.7932284474372864,
    0.799348771572113,
    0.8003386855125427,
    0.8147833943367004,
    0.8026040196418762,
    0.7988761067390442,
    0.7984829545021057,
    0.7916834950447083,
    0.7848677039146423,
    0.7894797325134277,
    0.7856619954109192,
    0.7714446187019348,
    0.766441285610199,
    0.7528519630432129,
    0.7357109189033508,
    0.6961822509765625,
    0.6365566849708557,
    0.6045584678649902,
    0.6110568642616272,
    0.6520411968231201,
    0.7084317803382874,
    0.6236810088157654,
    0.6122567057609558,
    0.6024556756019592,
    0.5763819217681885,
    0.5588928461074829,
    0.5408617854118347,
    0.567923367023468,
    0.5619450807571411,
    0.5491437911987305,
    0.548534095287323,
    0.5341559052467346,
    0.537601888179779,
    0.5351353287696838,
    0.5237899422645569,
    0.5077423453330994,
    0.5023536682128906,
    0.4859938621520996,
    0.47836098074913025,
    0.47091802954673767,
    0.4647418260574341,
    0.4577740430831909,
    0.45947685837745667,
    0.46102261543273926,
    0.4435884952545166,
    0.4419132173061371,
    0.4296865165233612,
    0.42738303542137146,
    0.41221675276756287,
    0.4178696870803833,
    0.4127511978149414,
    0.4150775372982025,
    0.4090632200241089,
    0.40655824542045593,
    0.4013415277004242,
    0.3885965347290039,
    0.38183125853538513,
    0.3858695924282074,
    0.38071736693382263,
    0.3815041482448578,
    0.37976741790771484,
    0.3780632019042969,
    0.37489938735961914,
    0.36989912390708923,
    0.3679976463317871,
    0.36629343032836914,
    0.359884113073349,
    0.36024555563926697,
    0.36045798659324646,
    0.3581829071044922,
    0.35694506764411926,
    0.3557291030883789,
    0.3543255031108856,
    0.3558441400527954,
    0.3545721769332886,
    0.35303473472595215,
    0.34693455696105957,
    0.35517430305480957,
    0.35372722148895264,
    0.3527573347091675,
    0.3516758680343628
  ],
  "alive_ratios": [
    0.396728515625,
    0.5302734375,
    0.330322265625,
    0.28564453125,
    0.245849609375,
    0.236328125,
    0.246337890625,
    0.247314453125,
    0.540283203125,
    0.5908203125,
    0.63134765625,
    0.619384765625,
    0.689208984375,
    0.74267578125,
    0.7119140625,
    0.7392578125,
    0.771728515625,
    0.765380859375,
    0.7421875,
    0.772705078125,
    0.798583984375,
    0.8466796875,
    0.842041015625,
    0.88134765625,
    0.874267578125,
    0.884033203125,
    0.860595703125,
    0.8984375,
    0.8544921875,
    0.86328125,
    0.906494140625,
    0.93212890625,
    0.89404296875,
    0.87890625,
    0.8720703125,
    0.869384765625,
    0.8681640625,
    0.880126953125,
    0.907470703125,
    0.922119140625,
    0.917236328125,
    0.918701171875,
    0.905029296875,
    0.903564453125,
    0.884033203125,
    0.894287109375,
    0.89794921875,
    0.87158203125,
    0.861572265625,
    0.847412109375,
    0.871826171875,
    0.9052734375,
    0.87939453125,
    0.859375,
    0.860107421875,
    0.870849609375,
    0.858642578125,
    0.84228515625,
    0.830078125,
    0.814453125,
    0.797607421875,
    0.784423828125,
    0.817626953125,
    0.81494140625,
    0.790771484375,
    0.792236328125,
    0.810791015625,
    0.805419921875,
    0.816650390625,
    0.791259765625,
    0.781005859375,
    0.79541015625,
    0.7919921875,
    0.796875,
    0.8046875,
    0.76708984375,
    0.7646484375,
    0.76025390625,
    0.71923828125,
    0.677490234375,
    0.665283203125,
    0.58740234375,
    0.25732421875,
    0.271240234375,
    0.248779296875,
    0.2216796875,
    0.19775390625,
    0.2236328125,
    0.2060546875,
    0.231201171875,
    0.216064453125,
    0.2265625,
    0.2431640625,
    0.246826171875,
    0.267333984375,
    0.26806640625,
    0.239013671875,
    0.255615234375,
    0.283203125,
    0.27392578125,
    0.29248046875,
    0.291015625,
    0.29345703125,
    0.288330078125,
    0.26513671875,
    0.263671875,
    0.225830078125,
    0.214599609375,
    0.228271484375,
    0.26416015625,
    0.216796875,
    0.1982421875,
    0.19482421875,
    0.20849609375,
    0.1943359375,
    0.158203125,
    0.170166015625,
    0.145751953125,
    0.118896484375,
    0.099853515625,
    0.132568359375,
    0.1435546875,
    0.097412109375,
    0.115478515625,
    0.1142578125,
    0.118896484375,
    0.154296875,
    0.15087890625,
    0.132568359375,
    0.1162109375,
    0.1142578125,
    0.11279296875,
    0.112060546875,
    0.1015625,
    0.10205078125,
    0.0986328125,
    0.098388671875,
    0.09326171875,
    0.092529296875,
    0.09033203125,
    0.089111328125,
    0.0888671875,
    0.08642578125,
    0.088134765625,
    0.085693359375,
    0.098388671875,
    0.081298828125,
    0.08251953125,
    0.08203125,
    0.08349609375
  ],