{
  "image_path": "./data/ukiyo-e-small/Along the Shore of Y\u00e8noshim.jpg",
  "epochs": 150,
  "steps_per_epoch": 15,
  "final_loss": 0.12654931843280792,
  "final_alive_ratio": 1.0,
  "min_loss": 0.04509991407394409,
  "max_alive_ratio": 1.0,
  "final_training_alive": 0.99951171875,
  "losses": [
    0.7889952659606934,
    0.7820389866828918,
    0.7832553386688232,
    0.789454460144043,
    0.8047811388969421,
    0.7953466773033142,
    0.7613145709037781,
    0.7637351155281067,
    0.7731553912162781,
    0.7617810368537903,
    0.759688675403595,
    0.7736237049102783,
    0.769221305847168,
    0.7784584164619446,
    0.7619409561157227,
    0.7566167712211609,
    0.7709065079689026,
    0.7178056240081787,
    0.737514078617096,
    0.7059342265129089,
    0.7306014895439148,
    0.6978028416633606,
    0.662669837474823,
    0.658155620098114,
    0.6549438834190369,
    0.6687175631523132,
    0.6572327613830566,
    0.635155975818634,
    0.6251583695411682,
    0.650521993637085,
    0.6054677367210388,
    0.5907867550849915,
    0.5933052897453308,
    0.5693227648735046,
    0.5865723490715027,
    0.5896770358085632,
    0.5766273140907288,
    0.5658897757530212,
    0.5695676207542419,
    0.557628333568573,
    0.5533652305603027,
    0.5339779257774353,
    0.5597403049468994,
    0.5567273497581482,
    0.5430863499641418,
    0.5402200818061829,
    0.5263658761978149,
    0.514618456363678,
    0.5269310474395752,
    0.5036010146141052,
    0.4955449402332306,
    0.5056882500648499,
    0.5056357979774475,
    0.4960266649723053,
    0.49900326132774353,
    0.48017606139183044,
    0.46808990836143494,
    0.47402405738830566,
    0.44967830181121826,
    0.4511314928531647,
    0.4446237087249756,
    0.4263150990009308,
    0.41002383828163147,
    0.4126608371734619,
    0.4107344150543213,
    0.4050440788269043,
    0.38966962695121765,
    0.3581671714782715,
    0.3448720872402191,
    0.341648668050766,
    0.3379933834075928,
    0.3303178548812866,
    0.31693100929260254,
    0.30899959802627563,
    0.30324220657348633,
    0.301322340965271,
    0.30342578887939453,
    0.29947707056999207,
    0.29318615794181824,
    0.287080854177475,
    0.2810543477535248,
    0.27859199047088623,
    0.27676457166671753,
    0.27498528361320496,
    0.26799750328063965,
    0.26398012042045593,
    0.26280638575553894,
    0.2615138590335846,
    0.261652410030365,
    0.2584185302257538,
    0.29310134053230286,
    0.28693708777427673,
    0.27853432297706604,
    0.2728681266307831,
    0.2669123411178589,
    0.26430830359458923,
    0.2595195174217224,
    0.2543099522590637,
    0.2526293694972992,
    0.24736440181732178,
    0.24563442170619965,
    0.24530263245105743,
    0.24089449644088745,
    0.23893789947032928,
    0.2353726625442505,
    0.23292933404445648,
    0.22949814796447754,
    0.22570033371448517,
    0.22236250340938568,
    0.21718989312648773,
    0.20632153749465942,
    0.1981271505355835,
    0.17354150116443634,
    0.1480904370546341,
    0.1320815235376358,
    0.1250462532043457,
    0.11948948353528976,
    0.13291990756988525,
    0.12723156809806824,
    0.11668314784765244,
    0.10657739639282227,
    0.10051383823156357,
    0.0941883847117424,
    0.08954188972711563,
    0.0855259820818901,
    0.07930617779493332,
    0.07542649656534195,
    0.07392372190952301,
    0.06944917887449265,
    0.06732673197984695,
    0.06571634113788605,
    0.06309947371482849,
    0.06068466976284981,
    0.05809735879302025,
    0.05674540624022484,
    0.05456824600696564,
    0.05366170406341553,
    0.0524720661342144,
    0.05249530076980591,
    0.050369128584861755,
    0.05009354650974274,
    0.048935532569885254,
    0.04810703918337822,
    0.04853275045752525,
    0.04678914323449135,
    0.04681950435042381,
    0.04589616134762764,
    0.04621659219264984,
    0.04519928991794586,
    0.04509991407394409
  ],
  "alive_ratios": [
    0.617431640625,
    0.69677734375,
    0.65576171875,
    0.676513671875,
    0.70361328125,
    0.726318359375,
    0.7333984375,
    0.712158203125,
    0.6708984375,
    0.68994140625,
    0.707763671875,
    0.716552734375,
    0.74365234375,
    0.697998046875,
    0.689697265625,
    0.708251953125,
    0.718017578125,
    0.713134765625,
    0.734375,
    0.727783203125,
    0.74560546875,
    0.763427734375,
    0.766357421875,
    0.786865234375,
    0.787109375,
    0.785400390625,
    0.767333984375,
    0.7802734375,
    0.748291015625,
    0.748291015625,
    0.782470703125,
    0.7802734375,
    0.809326171875,
    0.8076171875,
    0.76416015625,
    0.77783203125,
    0.79833984375,
    0.749267578125,
    0.758056640625,
    0.779052734375,
    0.767578125,
    0.756103515625,
    0.69384765625,
    0.7294921875,
    0.74365234375,
    0.7568359375,
    0.746826171875,
    0.768798828125,
    0.757568359375,
    0.788330078125,
    0.77783203125,
    0.78759765625,
    0.81005859375,
    0.80029296875,
    0.804931640625,
    0.803955078125,
    0.850830078125,
    0.845703125,
    0.819091796875,
    0.83642578125,
    0.857421875,
    0.8583984375,
    0.8447265625,
    0.84521484375,
    0.845947265625,
    0.84716796875,
    0.86376953125,
    0.869140625,
    0.907958984375,
    0.89697265625,
    0.909423828125,
    0.93603515625,
    0.9365234375,
    0.92822265625,
    0.94140625,
    0.930419921875,
    0.9453125,
    0.943603515625,
    0.94384765625,
    0.946044921875,
    0.947265625,
    0.94873046875,
    0.959716796875,
    0.9599609375,
    0.961669921875,
    0.963623046875,
    0.962646484375,
    0.963134765625,
    0.9619140625,
    0.9638671875,
    0.980712890625,
    0.97998046875,
    0.99462890625,
    0.993408203125,
    0.992919921875,
    0.992919921875,
    0.994873046875,
    0.98486328125,
    0.985107421875,
    0.984130859375,
    0.985107421875,
    0.98681640625,
    0.99560546875,
    0.998046875,
    0.997802734375,
    0.998046875,
    0.998291015625,
    0.998779296875,
    0.998291015625,
    0.998046875,
    0.99755859375,
    0.998291015625,
    0.997802734375,
    0.997802734375,
    0.997314453125,
    0.996826171875,
    0.986572265625,
    0.986083984375,
    0.98583984375,
    0.964599609375,
    0.965087890625,
    0.99658203125,
    0.996826171875,
    0.99755859375,
    0.997314453125,
    0.999267578125,
    0.9990234375,
    0.999267578125,
    0.999267578125,
    0.9990234375,
    0.99853515625,
    0.99853515625,
    0.998779296875,
    0.999267578125,
    0.999267578125,
    0.9990234375,
    0.999267578125,
    0.999755859375,
    1.0,
    0.999755859375,
    0.99951171875,
    0.999755859375,
    0.999755859375,
    0.999755859375,
    0.999755859375,
    0.999755859375,
    0.999755859375,
    0.999755859375,
    0.999755859375,
    0.99951171875
  ],