{
  "image_path": "./data/ukiyo-e-small/Along the Shore of Y\u00e8noshim.jpg",
  "epochs": 150,
  "steps_per_epoch": 15,
  "final_loss": 0.5365251898765564,
  "final_alive_ratio": 0.984130859375,
  "min_loss": 0.5227810144424438,
  "max_alive_ratio": 0.986083984375,
  "final_training_alive": 0.971923828125,
  "losses": [
    1.0821521282196045,
    1.0772294998168945,
    1.0687345266342163,
    1.0694767236709595,
    1.045605182647705,
    1.0286296606063843,
    1.0271416902542114,
    1.0236165523529053,
    1.0188336372375488,
    1.0151982307434082,
    1.0100044012069702,
    1.0066550970077515,
    1.0029304027557373,
    1.00041663646698,
    1.0031250715255737,
    0.999443531036377,
    0.9852177500724792,
    0.9796838164329529,
    0.9769577980041504,
    0.9199659824371338,
    0.8856105804443359,
    0.8861393332481384,
    0.9001230597496033,
    0.8791766166687012,
    0.8845835328102112,
    0.8718345761299133,
    0.8604137897491455,
    0.8647554516792297,
    0.838733434677124,
    0.8398523926734924,
    0.7876726984977722,
    0.7616624236106873,
    0.7629582285881042,
    0.7455286979675293,
    0.7285819053649902,
    0.7228273749351501,
    0.7085472941398621,
    0.7034388184547424,
    0.6967336535453796,
    0.6951809525489807,
    0.6750127673149109,
    0.6701140403747559,
    0.6794570088386536,
    0.6776595711708069,
    0.6679675579071045,
    0.6699895262718201,
    0.6551794409751892,
    0.6446470618247986,
    0.6415666341781616,
    0.6247631311416626,
    0.6195656061172485,
    0.6144521832466125,
    0.6039370894432068,
    0.5981125831604004,
    0.5874183773994446,
    0.5884920954704285,
    0.5865548253059387,
    0.5824014544487,
    0.5762726664543152,
    0.5683786869049072,
    0.5684087872505188,
    0.5582779049873352,
    0.5540609955787659,
    0.5508716702461243,
    0.5482326745986938,
    0.5469162464141846,
    0.5455984473228455,
    0.5422984957695007,
    0.5405212044715881,
    0.5401671528816223,
    0.537394106388092,
    0.5358663201332092,
    0.5352043509483337,
    0.5338264107704163,
    0.5328806042671204,
    0.532065212726593,
    0.5317957997322083,
    0.5312930941581726,
    0.5310803651809692,
    0.5299031138420105,
    0.5288223624229431,
    0.5281352400779724,
    0.5277917385101318,
    0.5273834466934204,
    0.5271850228309631,
    0.5271785855293274,
    0.5273340344429016,
    0.5272606015205383,
    0.526963472366333,
    0.5264739990234375,
    0.5293797254562378,
    0.529147744178772,
    0.528519332408905,
    0.5274830460548401,
    0.5263969302177429,
    0.526262104511261,
    0.5258296132087708,
    0.525833785533905,
    0.5257591605186462,
    0.5256662964820862,
    0.5255098938941956,
    0.5252737998962402,
    0.5249813795089722,
    0.524939239025116,
    0.5248296856880188,
    0.5248246192932129,
    0.5247333645820618,
    0.5247110724449158,
    0.5246158242225647,
    0.5245681405067444,
    0.5244541764259338,
    0.5242950320243835,
    0.5242683291435242,
    0.5242742896080017,
    0.5241744518280029,
    0.5241073966026306,
    0.5240619778633118,
    0.5239669680595398,
    0.5238847732543945,
    0.5237894058227539,
    0.5237341523170471,
    0.523738443851471,
    0.5237478613853455,
    0.5236538052558899,
    0.5236862301826477,
    0.5235952734947205,
    0.523581326007843,
    0.5235403776168823,
    0.5234923362731934,
    0.523380696773529,
    0.5234504342079163,
    0.5233644843101501,
    0.5233734250068665,
    0.5233208537101746,
    0.5232782363891602,
    0.5232195258140564,
    0.5231447219848633,
    0.5231702923774719,
    0.5231950879096985,
    0.5230758190155029,
    0.5231080651283264,
    0.5230525135993958,
    0.523017406463623,
    0.5229902863502502,
    0.5229770541191101,
    0.5229087471961975,
    0.5228847861289978,
    0.5228602886199951,
    0.5227810144424438,
    0.5227859020233154
  ],
  "alive_ratios": [
    0.877685546875,
    0.830322265625,
    0.82470703125,
    0.835693359375,
    0.88427734375,
    0.872802734375,
    0.8662109375,
    0.89892578125,
    0.89111328125,
    0.9052734375,
    0.90625,
    0.905517578125,
    0.89111328125,
    0.870361328125,
    0.872314453125,
    0.86767578125,
    0.8779296875,
    0.867431640625,
    0.833740234375,
    0.780517578125,
    0.8037109375,
    0.793701171875,
    0.766845703125,
    0.80078125,
    0.7958984375,
    0.8115234375,
    0.81396484375,
    0.83935546875,
    0.834716796875,
    0.8076171875,
    0.8779296875,
    0.8837890625,
    0.896484375,
    0.904541015625,
    0.894287109375,
    0.892333984375,
    0.892578125,
    0.925048828125,
    0.91748046875,
    0.895263671875,
    0.9169921875,
    0.91943359375,
    0.931640625,
    0.912841796875,
    0.93212890625,
    0.898193359375,
    0.89990234375,
    0.9130859375,
    0.91552734375,
    0.920166015625,
    0.90625,
    0.910888671875,
    0.9248046875,
    0.923583984375,
    0.90185546875,
    0.908935546875,
    0.911865234375,
    0.90380859375,
    0.902099609375,
    0.90478515625,
    0.929931640625,
    0.935302734375,
    0.94921875,
    0.948974609375,
    0.950927734375,
    0.953125,
    0.952392578125,
    0.9541015625,
    0.955810546875,
    0.955810546875,
    0.957763671875,
    0.9697265625,
    0.969970703125,
    0.95703125,
    0.957275390625,
    0.95703125,
    0.958984375,
    0.96875,
    0.95751953125,
    0.956787109375,
    0.957763671875,
    0.95849609375,
    0.96923828125,
    0.9697265625,
    0.96923828125,
    0.969482421875,
    0.96923828125,
    0.968994140625,
    0.968994140625,
    0.95849609375,
    0.970947265625,
    0.970947265625,
    0.971435546875,
    0.97119140625,
    0.971435546875,
    0.984375,
    0.984130859375,
    0.984619140625,
    0.984619140625,
    0.984619140625,
    0.985107421875,
    0.985107421875,
    0.984619140625,
    0.973876953125,
    0.986083984375,
    0.98583984375,
    0.986083984375,
    0.986083984375,
    0.98583984375,
    0.9853515625,
    0.973388671875,
    0.972900390625,
    0.97314453125,
    0.97314453125,
    0.973876953125,
    0.984130859375,
    0.98388671875,
    0.983642578125,
    0.983642578125,
    0.983642578125,
    0.983642578125,
    0.983642578125,
    0.983642578125,
    0.983642578125,
    0.983642578125,
    0.983642578125,
    0.983642578125,
    0.983642578125,
    0.983642578125,
    0.9833984375,
    0.983154296875,
    0.97314453125,
    0.972900390625,
    0.97265625,
    0.972412109375,
    0.972412109375,
    0.972412109375,
    0.97216796875,
    0.972412109375,
    0.972412109375,
    0.972412109375,
    0.972412109375,
    0.972412109375,
    0.972412109375,
    0.971923828125,
    0.971923828125,
    0.971923828125,
    0.971923828125,
    0.971923828125,
    0.971923828125
  ],